ID,Nombre,Teléfono,Email
1,Ana García López,611111111,ana.garcia@email.com
2,Carlos Martínez Ruiz,622222222,carlos.martinez@email.com
3,Paula,696969669,Pauli@gmail.com
4,Pedro Fernández Torres,644444444,pedro.fernandez@email.com
5,María Rodríguez Vega,655555555,maria.rodriguez@email.com
6,José López Castillo,666666666,jose.lopez@email.com
7,Elena Gómez Navarro,677777777,elena.gomez@email.com
8,Miguel Torres Blanco,688888888,miguel.torres@email.com
9,Carmen Díaz Morales,699999999,carmen.diaz@email.com
10,Antonio Jiménez Ortiz,611223344,antonio.jimenez@email.com
11,Isabel Ruiz Herrera,622334455,isabel.ruiz@email.com
12,Alejandro Moreno Gil,633445566,alejandro.moreno@email.com
13,Carlos,622909876,Carlos@gmail.com
14,Carlos,666666666,Charly@gmail.com
15,Sergio,678987543,Sergio1997@gmail.com
16,Braser,678654329,Braser007@gmail.com
